{
  "results": [
    {
      "Model": "XGBoost",
      "Training_Time": 0.40730953216552734,
      "Train_R2": 0.9929375071117258,
      "Test_R2": 0.9414849631214105,
      "Train_MSE": 1.8034220819524962,
      "Test_MSE": 17.096720887673115,
      "Train_MAE": 0.7137612930696402,
      "Test_MAE": 2.6429742580622584,
      "Train_RMSE": 1.3429155155677128,
      "Test_RMSE": 4.134818120265161,
      "Train_ExplainedVar": 0.9929376597915109,
      "Test_ExplainedVar": 0.9418109802118783,
      "Test_MaxError": 22.19306518554687,
      "Test_MedianAE": 1.5426228332519543,
      "CV_Mean": 0.9189090569728183,
      "CV_Std": 0.012518828018190738,
      "CV_Min": 0.8980117052015684,
      "CV_Max": 0.9319108945696581
    },
    {
      "Model": "Random Forest",
      "Training_Time": 0.5685582160949707,
      "Train_R2": 0.966719789378605,
      "Test_R2": 0.902019665715915,
      "Train_MSE": 8.498170217813755,
      "Test_MSE": 28.627554849048376,
      "Train_MAE": 2.048908260217088,
      "Test_MAE": 3.890674817320467,
      "Train_RMSE": 2.915162125476687,
      "Test_RMSE": 5.350472394943121,
      "Train_ExplainedVar": 0.9667214443960763,
      "Test_ExplainedVar": 0.9028860219573248,
      "Test_MaxError": 26.53849978986291,
      "Test_MedianAE": 2.890441607142858,
      "CV_Mean": 0.8933170967508712,
      "CV_Std": 0.014036156873345217,
      "CV_Min": 0.872791988209928,
      "CV_Max": 0.9105539542629821
    },
    {
      "Model": "Extra Trees",
      "Training_Time": 0.34214138984680176,
      "Train_R2": 0.9628527765215584,
      "Test_R2": 0.893861587832457,
      "Train_MSE": 9.48561990277848,
      "Test_MSE": 31.011153800592645,
      "Train_MAE": 2.1782980054948107,
      "Test_MAE": 3.964861585004221,
      "Train_RMSE": 3.0798733582370685,
      "Test_RMSE": 5.56876591361072,
      "Train_ExplainedVar": 0.9628527765215584,
      "Test_ExplainedVar": 0.894473085235059,
      "Test_MaxError": 26.52027410791281,
      "Test_MedianAE": 2.959910402274609,
      "CV_Mean": 0.887626011942268,
      "CV_Std": 0.012132945535184333,
      "CV_Min": 0.8690201791837049,
      "CV_Max": 0.901469463950449
    }
  ],
  "model_parameters": {
    "Random Forest": {
      "n_estimators": 200,
      "max_depth": 20,
      "min_samples_split": 5,
      "min_samples_leaf": 2,
      "max_features": "sqrt",
      "bootstrap": true,
      "random_state": 42,
      "n_jobs": -1
    },
    "XGBoost": {
      "n_estimators": 200,
      "learning_rate": 0.1,
      "max_depth": 6,
      "min_child_weight": 3,
      "subsample": 0.8,
      "colsample_bytree": 0.8,
      "gamma": 0,
      "reg_alpha": 0,
      "reg_lambda": 1,
      "random_state": 42
    },
    "Extra Trees": {
      "n_estimators": 200,
      "max_depth": 20,
      "min_samples_split": 5,
      "min_samples_leaf": 2,
      "max_features": "sqrt",
      "bootstrap": false,
      "random_state": 42,
      "n_jobs": -1
    }
  },
  "configuration": {
    "model_selection": "auto",
    "auto_selection": {
      "metric": "test_r2",
      "source": "hyperparameter_tuning"
    },
    "models": {
      "random_forest": {
        "enabled": true,
        "parameters": "auto",
        "custom_parameters": {
          "n_estimators": 200,
          "max_depth": 20,
          "min_samples_split": 5,
          "min_samples_leaf": 2,
          "max_features": "sqrt",
          "bootstrap": true,
          "random_state": 42,
          "n_jobs": -1
        }
      },
      "xgboost": {
        "enabled": true,
        "parameters": "auto",
        "custom_parameters": {
          "n_estimators": 200,
          "learning_rate": 0.1,
          "max_depth": 6,
          "min_child_weight": 3,
          "subsample": 0.8,
          "colsample_bytree": 0.8,
          "gamma": 0,
          "reg_alpha": 0,
          "reg_lambda": 1,
          "random_state": 42
        }
      },
      "extra_trees": {
        "enabled": true,
        "parameters": "auto",
        "custom_parameters": {
          "n_estimators": 200,
          "max_depth": 20,
          "min_samples_split": 5,
          "min_samples_leaf": 2,
          "max_features": "sqrt",
          "bootstrap": false,
          "random_state": 42,
          "n_jobs": -1
        }
      }
    },
    "training": {
      "cv_folds": 5,
      "cv_scoring": "r2",
      "feature_importance": true,
      "save_model": true,
      "model_format": "joblib",
      "metrics": [
        "r2_score",
        "mean_squared_error",
        "mean_absolute_error",
        "explained_variance_score",
        "max_error",
        "median_absolute_error"
      ]
    },
    "results": {
      "create_sample_directory": true,
      "generate_reports": [
        "performance_summary",
        "detailed_metrics",
        "feature_importance",
        "prediction_analysis",
        "model_comparison"
      ],
      "generate_plots": true,
      "plot_types": [
        "prediction_vs_actual",
        "residuals",
        "feature_importance",
        "learning_curves"
      ],
      "export_formats": [
        "txt",
        "csv",
        "json"
      ]
    },
    "advanced": {
      "low_memory_mode": false,
      "random_state": 42,
      "n_jobs": -1,
      "verbose": true,
      "monitor_training_time": true,
      "monitor_memory_usage": false
    }
  },
  "timestamp": "20250804_203420"
}