{
  "results": [
    {
      "Model": "XGBoost",
      "Training_Time": 0.750924825668335,
      "Train_R2": 0.9928361860222682,
      "Test_R2": 0.9382674479687633,
      "Train_MSE": 1.82929463049674,
      "Test_MSE": 18.036803325471173,
      "Train_MAE": 0.7189260251960945,
      "Test_MAE": 2.7570271816063876,
      "Train_RMSE": 1.3525141886489547,
      "Test_RMSE": 4.246975785835278,
      "Train_ExplainedVar": 0.9928362746497212,
      "Test_ExplainedVar": 0.9388307583423485,
      "Test_MaxError": 23.817096252441402,
      "Test_MedianAE": 1.7665771484374986,
      "CV_Mean": 0.9230549209095296,
      "CV_Std": 0.014399134585004879,
      "CV_Min": 0.9010289887513409,
      "CV_Max": 0.9383545185508697
    },
    {
      "Model": "Random Forest",
      "Training_Time": 0.6809306144714355,
      "Train_R2": 0.9673001859273482,
      "Test_R2": 0.9017185789660264,
      "Train_MSE": 8.349964765595837,
      "Test_MSE": 28.715525333225003,
      "Train_MAE": 2.0295295081192766,
      "Test_MAE": 3.87101747405284,
      "Train_RMSE": 2.8896305586693667,
      "Test_RMSE": 5.358686903824948,
      "Train_ExplainedVar": 0.9673002124105519,
      "Test_ExplainedVar": 0.9024760059994132,
      "Test_MaxError": 26.444591081349188,
      "Test_MedianAE": 2.900336409146462,
      "CV_Mean": 0.8955923028121825,
      "CV_Std": 0.012681322988353517,
      "CV_Min": 0.8791883372648268,
      "CV_Max": 0.9132306588434355
    },
    {
      "Model": "Extra Trees",
      "Training_Time": 0.4719247817993164,
      "Train_R2": 0.9625360717288162,
      "Test_R2": 0.8925643902317504,
      "Train_MSE": 9.566491122859974,
      "Test_MSE": 31.390164504481564,
      "Train_MAE": 2.172328374320998,
      "Test_MAE": 3.982306463692674,
      "Train_RMSE": 3.092974478210251,
      "Test_RMSE": 5.602692611993056,
      "Train_ExplainedVar": 0.9625360717288162,
      "Test_ExplainedVar": 0.8933349741176084,
      "Test_MaxError": 26.495571375665655,
      "Test_MedianAE": 2.8455124769584685,
      "CV_Mean": 0.8895360489172408,
      "CV_Std": 0.012921069476622872,
      "CV_Min": 0.8688527459048173,
      "CV_Max": 0.905337955699282
    }
  ],
  "model_parameters": {
    "Random Forest": {
      "n_estimators": 200,
      "max_depth": 20,
      "min_samples_split": 5,
      "min_samples_leaf": 2,
      "max_features": "sqrt",
      "bootstrap": true,
      "random_state": 42,
      "n_jobs": -1
    },
    "XGBoost": {
      "n_estimators": 200,
      "learning_rate": 0.1,
      "max_depth": 6,
      "min_child_weight": 3,
      "subsample": 0.8,
      "colsample_bytree": 0.8,
      "gamma": 0,
      "reg_alpha": 0,
      "reg_lambda": 1,
      "random_state": 42
    },
    "Extra Trees": {
      "n_estimators": 200,
      "max_depth": 20,
      "min_samples_split": 5,
      "min_samples_leaf": 2,
      "max_features": "sqrt",
      "bootstrap": false,
      "random_state": 42,
      "n_jobs": -1
    }
  },
  "configuration": {
    "model_selection": "auto",
    "auto_selection": {
      "metric": "test_r2",
      "source": "hyperparameter_tuning"
    },
    "models": {
      "random_forest": {
        "enabled": true,
        "parameters": "auto",
        "custom_parameters": {
          "n_estimators": 200,
          "max_depth": 20,
          "min_samples_split": 5,
          "min_samples_leaf": 2,
          "max_features": "sqrt",
          "bootstrap": true,
          "random_state": 42,
          "n_jobs": -1
        }
      },
      "xgboost": {
        "enabled": true,
        "parameters": "auto",
        "custom_parameters": {
          "n_estimators": 200,
          "learning_rate": 0.1,
          "max_depth": 6,
          "min_child_weight": 3,
          "subsample": 0.8,
          "colsample_bytree": 0.8,
          "gamma": 0,
          "reg_alpha": 0,
          "reg_lambda": 1,
          "random_state": 42
        }
      },
      "extra_trees": {
        "enabled": true,
        "parameters": "auto",
        "custom_parameters": {
          "n_estimators": 200,
          "max_depth": 20,
          "min_samples_split": 5,
          "min_samples_leaf": 2,
          "max_features": "sqrt",
          "bootstrap": false,
          "random_state": 42,
          "n_jobs": -1
        }
      }
    },
    "training": {
      "cv_folds": 5,
      "cv_scoring": "r2",
      "feature_importance": true,
      "save_model": true,
      "model_format": "joblib",
      "metrics": [
        "r2_score",
        "mean_squared_error",
        "mean_absolute_error",
        "explained_variance_score",
        "max_error",
        "median_absolute_error"
      ]
    },
    "results": {
      "create_sample_directory": true,
      "generate_reports": [
        "performance_summary",
        "detailed_metrics",
        "feature_importance",
        "prediction_analysis",
        "model_comparison"
      ],
      "generate_plots": true,
      "plot_types": [
        "prediction_vs_actual",
        "residuals",
        "feature_importance",
        "learning_curves"
      ],
      "export_formats": [
        "txt",
        "csv",
        "json"
      ]
    },
    "advanced": {
      "low_memory_mode": false,
      "random_state": 42,
      "n_jobs": -1,
      "verbose": true,
      "monitor_training_time": true,
      "monitor_memory_usage": false
    }
  },
  "timestamp": "20250804_214738"
}